{
	"info": {
		"_postman_id": "4df79e05-a6cb-448f-bb37-32e45d38c17d",
		"name": "exploremada",
		"schema": "https://schema.getpostman.com/json/collection/v2.1.0/collection.json",
		"_exporter_id": "25323874"
	},
	"item": [
		{
			"name": "INSCRIPTION",
			"item": [
				{
					"name": "utilisateur/inscription",
					"request": {
						"method": "POST",
						"header": [],
						"body": {
							"mode": "raw",
							"raw": "{\r\n        \"nom\": \"sarah\",\r\n        \"email\": \"sandatia104555@gmail.com\",\r\n        \"motdepasse\": \"sedra2022\",\r\n        \"confirmmdp\":\"sedra222\",\r\n        \"id_langue\":1,\r\n        \"contact\": \"0347808955\"\r\n        \r\n    }",
							"options": {
								"raw": {
									"language": "json"
								}
							}
						},
						"url": {
							"raw": "localhost:3000/utilisateur/inscription",
							"host": [
								"localhost"
							],
							"port": "3000",
							"path": [
								"utilisateur",
								"inscription"
							]
						}
					},
					"response": []
				}
			]
		},
		{
			"name": "LIEU_IMAGE",
			"item": [
				{
					"name": "lieu_image/",
					"request": {
						"method": "POST",
						"header": [],
						"body": {
							"mode": "raw",
							"raw": "{\r\n    \"id_lieu\": 1,\r\n    \"image\": \"sedwraZA.jpg\"\r\n\r\n}",
							"options": {
								"raw": {
									"language": "json"
								}
							}
						},
						"url": {
							"raw": "localhost:3000/lieu_image/",
							"host": [
								"localhost"
							],
							"port": "3000",
							"path": [
								"lieu_image",
								""
							]
						}
					},
					"response": []
				},
				{
					"name": "lieu_image/:id",
					"request": {
						"method": "PUT",
						"header": [],
						"body": {
							"mode": "raw",
							"raw": "{\r\n    \"id_lieu\": 1,\r\n    \"image\": \"sedwra.jpg\"\r\n\r\n}",
							"options": {
								"raw": {
									"language": "json"
								}
							}
						},
						"url": {
							"raw": "localhost:3000/lieu_image/2",
							"host": [
								"localhost"
							],
							"port": "3000",
							"path": [
								"lieu_image",
								"2"
							]
						}
					},
					"response": []
				},
				{
					"name": "lieu_image/",
					"request": {
						"method": "DELETE",
						"header": [],
						"body": {
							"mode": "raw",
							"raw": "{\r\n    \"id\":3\r\n\r\n}",
							"options": {
								"raw": {
									"language": "json"
								}
							}
						},
						"url": {
							"raw": "localhost:3000/lieu_image/",
							"host": [
								"localhost"
							],
							"port": "3000",
							"path": [
								"lieu_image",
								""
							]
						}
					},
					"response": []
				},
				{
					"name": "lieu_image/",
					"request": {
						"method": "GET",
						"header": [],
						"url": {
							"raw": "localhost:3000/lieu_image/",
							"host": [
								"localhost"
							],
							"port": "3000",
							"path": [
								"lieu_image",
								""
							]
						}
					},
					"response": []
				}
			]
		},
		{
			"name": "LIEU_HTML",
			"item": [
				{
					"name": "lieu_html",
					"request": {
						"method": "GET",
						"header": [],
						"url": {
							"raw": "localhost:3000/lieu_html/",
							"host": [
								"localhost"
							],
							"port": "3000",
							"path": [
								"lieu_html",
								""
							]
						}
					},
					"response": []
				},
				{
					"name": "lieu_html/",
					"request": {
						"method": "POST",
						"header": [],
						"body": {
							"mode": "raw",
							"raw": "{\r\n    \"id_lieu\": 1,\r\n    \"image\": \"sedwraZA.jpg\"\r\n\r\n}",
							"options": {
								"raw": {
									"language": "json"
								}
							}
						},
						"url": {
							"raw": "localhost:3000/lieu_html/",
							"host": [
								"localhost"
							],
							"port": "3000",
							"path": [
								"lieu_html",
								""
							]
						}
					},
					"response": []
				},
				{
					"name": "lieu_html/:id",
					"request": {
						"method": "PUT",
						"header": [],
						"body": {
							"mode": "raw",
							"raw": "{\r\n    \"id_lieu\": 1,\r\n    \"image\": \"sedwra.jpg\"\r\n\r\n}",
							"options": {
								"raw": {
									"language": "json"
								}
							}
						},
						"url": {
							"raw": "localhost:3000/lieu_html/2",
							"host": [
								"localhost"
							],
							"port": "3000",
							"path": [
								"lieu_html",
								"2"
							]
						}
					},
					"response": []
				},
				{
					"name": "lieu_html/",
					"request": {
						"method": "DELETE",
						"header": [],
						"body": {
							"mode": "raw",
							"raw": "{\r\n    \"id\":3\r\n\r\n}",
							"options": {
								"raw": {
									"language": "json"
								}
							}
						},
						"url": {
							"raw": "localhost:3000/lieu_html/",
							"host": [
								"localhost"
							],
							"port": "3000",
							"path": [
								"lieu_html",
								""
							]
						}
					},
					"response": []
				}
			]
		},
		{
			"name": "UTILISATEUR",
			"item": [
				{
					"name": "utilisateur/",
					"request": {
						"method": "GET",
						"header": [],
						"url": {
							"raw": "localhost:3000/utilisateur/",
							"host": [
								"localhost"
							],
							"port": "3000",
							"path": [
								"utilisateur",
								""
							]
						}
					},
					"response": []
				},
				{
					"name": "utilisateur/:id",
					"request": {
						"method": "PUT",
						"header": [],
						"body": {
							"mode": "raw",
							"raw": "{\r\n    \"nom\": \"sedwra.jpg\"\r\n\r\n}",
							"options": {
								"raw": {
									"language": "json"
								}
							}
						},
						"url": {
							"raw": "localhost:3000/utilisateur/2",
							"host": [
								"localhost"
							],
							"port": "3000",
							"path": [
								"utilisateur",
								"2"
							]
						}
					},
					"response": []
				},
				{
					"name": "utilisateur/",
					"request": {
						"method": "DELETE",
						"header": [],
						"body": {
							"mode": "raw",
							"raw": "{\r\n    \"id\":3\r\n\r\n}",
							"options": {
								"raw": {
									"language": "json"
								}
							}
						},
						"url": {
							"raw": "localhost:3000/lieu_html/",
							"host": [
								"localhost"
							],
							"port": "3000",
							"path": [
								"lieu_html",
								""
							]
						}
					},
					"response": []
				}
			]
		}
	]
}